RMSE_Position,RMSE_Yaw
0.19508238765597782,0.10889161382229928
0.19778759588914815,0.12250315664022549
0.20052586833817285,0.1357195645469811
0.20337014767029232,0.1489409222584492
0.206406330368075,0.16256643789908432
0.209450391871259,0.17578188466839406
0.21258479047610646,0.18897048713447417
0.21589761146774514,0.20236941413364473
0.14139621245762576,0.04415397423746237
0.1410006635673657,0.031441920389321476
0.1408339663455083,0.0182919039468119
0.1409047402504342,0.004734906117253246
0.14120848768232513,0.008436141610844938
0.14174242621680935,0.021635570343244703
0.14252792999734082,0.03537215839752417
0.14351722272588108,0.04858050471642228
0.14472498485352073,0.061803189636365774
0.14619190261723308,0.07543762875119286
0.14782523498364789,0.08867726132852516
0.14965778823729542,0.1019147205569586
0.15174589823645168,0.1155350694308872
0.1539572806799804,0.1286844233356068
0.15633213832925474,0.14143273606619378
0.1589635472808713,0.1548591000476891
0.16168317354130593,0.16802613972026403
0.1645533897243145,0.1811959329843349
0.16765955949139005,0.19476850259251033
0.12492520579924984,0.040334291890470775
0.12306158458690729,0.027157024533461804
0.12145440671680817,0.013974989412768979
0.12007810735207904,0.00038418395855299714
0.11902341726580896,0.012834029087280374
0.11825317195990338,0.026079128129252727
0.11776318577083687,0.039983488699049774
0.11757961764746279,0.05414257819543655
0.11767988430655807,0.06799029216677965
0.11808708862608079,0.08152685778811142
0.11877779673020208,0.09471620399327563
0.11975401327942292,0.10790073518784826
0.12105123680493002,0.12148615031540388
0.12258430204776975,0.1346751864655256
0.12437706980069982,0.1478688625886735
0.12648392078997617,0.16146770302743874
0.12874458463155736,0.16603818926585956
0.1312798109606555,0.15833574622015045
0.13451454857361544,0.1483467261132827
0.1581072244506743,0.0641480983015923
0.1550541432695021,0.07463140558520354
0.1523430635049961,0.08824778951795897
0.15002720679520354,0.10353238742893534
0.1483032315931434,0.11811714410149522
0.14710185941902776,0.13374956821439343
0.1464505854587451,0.15098901283657806
0.1464059970010086,0.16750725524798926
0.14694188662125637,0.18403505588036007
0.1480946325890581,0.2010676854155673
0.14978318890116551,0.21759846946026107
0.1520140326309478,0.23412890749348358
0.15485446862992022,0.2511572221023306
0.1581086186775175,0.2676691768659727
0.1618161532900804,0.2839914335055653
0.1660666861390337,0.3004914141078962
0.17060705247343386,0.31694195187913077
0.17551024875884141,0.3333863779962114
0.1809088998958888,0.35033817642874676
0.15683442030983863,0.06919213286630788
0.15626365037555573,0.08565799811467678
0.15624604128656716,0.10213620493040088
0.15680534069615418,0.1192432142474067
0.15790420871317892,0.13578148042092475
0.1595382977577898,0.15233956310562435
0.16176408731152397,0.16937909379230165
0.1644205359123601,0.1855715129159059
0.16755004740848164,0.20195838605225647
0.17124314050147146,0.21894121617721574
0.1752512871024072,0.23542416969100735
0.1796478352283436,0.2519065977698023
0.1845535566423832,0.26888735173525813
0.18965111340962884,0.2853675649542191
0.19505228617815984,0.30185032991642835
0.20090674532564431,0.31884731727896604
0.20684399888927468,0.3353638070046681
0.21298813789181575,0.3520442751164019
0.21944512467081592,0.36949191730469977
0.14314561250402846,0.06650772090067701
0.1447574731922931,0.08309121470349701
0.14697627299783755,0.09960499547443424
0.14981755626511867,0.11662060450119884
0.1530843672506498,0.13313538152779336
0.15682048109817798,0.14964911178781426
0.16112541254030224,0.16666242050400884
0.16571136261284933,0.18317527408610768
0.1706652338836727,0.19968723104614527
0.17611947980518647,0.2166887301563336
0.18171921091163462,0.2331288218591432
0.18758314215720143,0.24938437473578778
0.19389240766454433,0.26632970265303824
0.1846716724499126,0.055476426864313755
0.18774064892928558,0.07194809789412515
0.19121508900521778,0.08867691402234734
0.19519409910391503,0.10617480350127752
0.19944866025019853,0.12271178720633293
0.20404609615089978,0.13925674909737906
0.20911695691326998,0.15630458209415388
0.21433926714059331,0.1728484816049516
0.21983448584325319,0.18937907106300692
0.22575067614436597,0.20623031535819547
0.23172306433190623,0.2225396918051169
0.23791511508431315,0.23899700646614763
0.24449844882249055,0.25595581538391854
0.19155588290990283,0.04730261316812656
0.19566190457503446,0.0637623372060544
0.20012334310247284,0.08022713966197992
0.20506553001894184,0.0972059314933047
0.21017214796638684,0.11372089843632936
0.21554519775984776,0.13054683708076908
0.2213564380484942,0.1478537730121294
0.22725414733396287,0.1643970830273227
0.23335389649525545,0.1806216158168943
0.23985637256070946,0.1975100700826281
0.2463605082292799,0.2140037339862113
0.2530333979317573,0.23049714015787226
0.2600696598300221,0.2474900657369007
0.14926896719704666,0.040425945380784145
0.15446132622752123,0.056918176045902776
0.1599935814400692,0.07340947915451879
0.1660119138053284,0.09040002478216413
0.17212916846041854,0.10689033885074894
0.17848729527384796,0.12337798415252321
0.18525826641267648,0.14031953576222733
0.1919932790242547,0.15638172717396526
0.19889152062097495,0.1732142646935234
0.2061800527513201,0.19030845768602944
0.2133950935558339,0.20683422035118193
0.2207291687728907,0.2233597773182298
0.22839612030856654,0.24038501284703512
0.23593300951297314,0.25690810866106895
0.24355339272489562,0.2734307577488662
0.2514818992467064,0.2904515588831509
0.25924248982748815,0.3069574843402246
0.2670505574493184,0.3233169167925212
0.2751216415454238,0.3398033143259266
0.1433224043179135,0.05288210938435106
0.15026162309894922,0.06932436666093396
0.1573755385313551,0.08576965918537066
0.16486186908430395,0.10272951959653348
0.1722567900949284,0.11923287373634178
0.17974570055232095,0.13595836009310364
0.18757988415639223,0.15298402625706492
0.19526619256606245,0.16953752658751414
0.2030241735957553,0.18609076884662132
0.21108104552955625,0.2031253146587654
0.218933918663863,0.21934545118255092
0.22682730766208278,0.23550613565770978
0.23502353841584878,0.25247816588847216
0.24301296558198826,0.2689496446190718
0.251031131993686,0.2854205686046993
0.25931752455715246,0.30238940990262586
0.2673803440741549,0.31885948675161885
0.2754583056879065,0.33533955141673727
0.28379285678154403,0.35233440096554497
0.12666561533994578,0.05167360447553773
0.13440346241001488,0.0681915867744611
0.1422048121821355,0.08478026755999059
0.15028230124210906,0.10131095836044389
0.1581911720824041,0.11765286219610437
0.16615373662360475,0.13415581439220667
0.17439454818849376,0.15115924564918048
0.18242217175609418,0.1676621761282846
0.19047301858426083,0.18416449550482764
0.19878723356109504,0.20116626994317524
0.206871691048547,0.2176679294021452
0.21496705433669053,0.23416814114247209
0.22331522570927145,0.25116600853314774
0.2314207007515941,0.26764738014044015
0.23951898291847237,0.2840322694535361
0.2478637202687316,0.30099507128618225
0.25593859425778953,0.31770862291605206
0.26397713656514143,0.3347829865155094
0.27230047828218473,0.35184397859231387
0.11356205018455483,0.04630559658506417
0.1216594977623072,0.06284275459241823
0.12975896696502515,0.07938103269702834
0.1381040685437823,0.0964207910791174
0.1462019528301016,0.11295788026206727
0.1542956916513876,0.1294850291455955
0.1626233417331349,0.14642525844623716
0.17069585790348277,0.1628103838075593
0.17876589539091362,0.17925974078990076
0.18707249566857037,0.19620984064420222
0.19512541644678436,0.21266697987492317
0.2031671986208729,0.22913873402746937
0.21143813824217664,0.24614735436587443
0.21942334772317248,0.2630051013083654
0.22738509241562654,0.279980520444874
0.23561214886073029,0.2970345958049316
0.2435806999975914,0.3135893829789641
0.2515198201647451,0.32992728775437985
0.2596914635684158,0.34686600770332643
0.1066038782275046,0.03722049730525512
0.11447112666009963,0.05370764083403279
0.12234034093575298,0.07019395747075872
0.1304480461583941,0.08717931763729891
0.13779919867983387,0.10331465847679057
0.14417550945895574,0.11840217499562022
0.1497875264034592,0.1325346792138894
0.15437155571139435,0.14484496786218326
0.15816365790028492,0.15591593420215888
0.16128680953192875,0.16630129712723674
0.16358066602325005,0.17572537207335548
0.16514956782723117,0.18486555022744178
0.16598784854970203,0.19434658474784194
0.16602825482941355,0.2035958659963779
0.16527605924818078,0.21313919668174774
0.1636490277734257,0.22387718594271677
0.16120323565785022,0.23526427742951894
0.15808515149489433,0.24590972185786697
0.1548240374912469,0.2561142005075865
0.0911712100424817,0.03655407469652627
0.08821745155089757,0.046461642075434906
0.08531296099879673,0.056372328314009734
0.08237790468038907,0.06658658227163428
0.07959136478299672,0.07650364833910894
0.07687321824291622,0.08642383209110871
0.07415260723356049,0.09664754278284193
0.07159871229378316,0.1065720295505227
0.06914051130728528,0.11649256861419066
0.0667195245849867,0.12670622641479912
0.06449060202034267,0.13660704140681634
0.06239504449005265,0.146471422224712
0.060400139520526926,0.1563708485156462
0.05863677444017661,0.16566448474069162
0.05702391622294908,0.17542258621360352
0.05555684464160122,0.18557319441571005
0.05434162549218308,0.19542260233646014
0.05334633712942705,0.20527018337449587
0.05256405237424287,0.21542048242659928
0.052051321081721,0.2252789111719243
0.05178889894515369,0.23514547575908695
0.05178441513082076,0.24532218350883342
0.05203816632031513,0.2552187455155246
0.052541540249382575,0.2651979097672408
0.05330578866158753,0.2760148660514242
0.08321744892034873,0.0316400001033349
0.08103706131652554,0.04290415559887795
0.07897128760532067,0.054361878571375866
0.07694755409659502,0.0658128285223122
0.07507629908700937,0.07608826124093448
0.07332823665567671,0.08602316857245962
0.07168155718746161,0.09626683451664675
0.07024357448318978,0.10621465684403086
0.06897366171539761,0.11616613746042204
0.06785134028956055,0.12641610546370352
0.06695169058605922,0.13635769443866586
0.0662466635479525,0.14628879877286016
0.06573048455401269,0.15649432618011716
0.06543811536163027,0.16624164049450918
0.06535113395253214,0.17574423358076274
0.0654775631276173,0.18591454789073303
0.06581085162997971,0.19579493284242144
0.06634834099066336,0.20567004178480686
0.06711036293333222,0.2158394652918355
0.06804548229162467,0.22571011441913258
0.06916535292772406,0.2355833357382383
0.07050309087771586,0.24575896334088887
0.07197023652481746,0.25563864986038476
0.07359354942784642,0.2655216713757368
0.07541867830625282,0.27570780153670504
0.09166612851389187,0.029205780026762884
0.09034744111368384,0.039095744279108446
0.08916948813155291,0.04898898612107905
0.08810921496160257,0.059185323629850066
0.08723450978124861,0.0690846179341098
0.08651672940215134,0.07898671406235815
0.08594564700724039,0.0891919565257715
0.08555821339446497,0.09910004125935301
0.08533753658447704,0.10901091473322033
0.08528604947418214,0.1192254214400923
0.08540711809539085,0.1291395041115606
0.08569585532056845,0.13905067367078727
0.08616674811181851,0.14925693357880077
0.08678903621551412,0.15915067039249964
0.0875630971623773,0.1687708120108331
0.08850481250444575,0.1781509287193608
0.08957282043972449,0.18758388806704396
0.0907989077490651,0.19743908421490428
0.09220585837078746,0.20762123207295802
0.093705657783942,0.21749163163459476
0.09533101878474773,0.22737069396052956
0.0971305488624806,0.23755202445079648
0.0989917057765247,0.24744042857777515
0.10095929273264621,0.2573353810302601
0.1030912738510787,0.26753634664284376
0.09884051638621583,0.028057943548309705
0.09844784755943212,0.03796427721164242
0.09820388959499349,0.0478747365979606
0.09810934947737325,0.05808869504096293
0.09817031747227842,0.06800499503845625
0.09838153660015343,0.07792389301835456
0.09875534700869872,0.08814601827706658
0.09926812060498137,0.09806997098434
0.09992635477994637,0.10799647990104777
0.10075366795202337,0.11822633197256183
0.10169789097340443,0.1281570843160944
0.10277716901442342,0.13808456783429035
0.10402567626956656,0.14830581100251394
0.10536496805263613,0.1582149015369667
0.10682405624239381,0.16809300941926586
0.10843806721706821,0.1780378829273197
0.11008522732032142,0.18705879783547408
0.11184114382234897,0.19627902878259884
0.11378343895176833,0.20640514809356736
0.11576691814219277,0.21626517151470123
0.11784038744544394,0.22611985668582313
0.12006603702353975,0.23627330002460314
0.12230830169616905,0.24613066619606583
0.12462691261300514,0.2559906817895172
0.1270910448432334,0.26615295616146484
0.09700739573182485,0.027924140698797558
0.0975421854535509,0.03779089402616531
0.09822383883781188,0.047661420385240794
0.09907652663597201,0.05783660669030643
0.1000463966207274,0.0677186300331658
0.1011522848822151,0.07760722063487567
0.10242919999477237,0.08780301110038868
0.1037970729459503,0.09770714727920282
0.10528625961439511,0.10762230307466902
0.10694117761715255,0.1178743478334061
0.10865391573701796,0.128005442123303
0.11046429554105087,0.1383586358861142
0.11244669812331996,0.14870201153144036
0.11447076110675272,0.15863226685782486
0.11658360053891632,0.1685594223883542
0.11884714364328645,0.17876225603951298
0.1211134516649692,0.18848561822784493
0.12341388686301628,0.1975886200169581
0.12586173117533236,0.2071003299667793
0.12834280865282774,0.21694257656314875
0.13088899153537747,0.22682678877946771
0.13357319702595918,0.23700452579197595
0.13623424247722535,0.24688217840661572
0.1389470692651982,0.25676203095591
0.1417929512399436,0.26694415943054883
0.10178217495236098,0.029340319816678173
0.10302841097611119,0.03922597237443415
0.1044003434973728,0.049114832550851695
0.10594010214254865,0.05930673662775
0.10755188962269556,0.06920225934925472
0.10927399727999758,0.07910103596144678
0.11115815892116955,0.08930313152695703
0.113088206086704,0.09920834749131524
0.11511284139518489,0.10911648767253902
0.11729244992709789,0.11932800283815403
0.1194938068324715,0.1292423087053698
0.12177493606730175,0.1391594318845102
0.124203764101603,0.1493793905197225
0.12663261836448486,0.1592965728829259
0.1291273015899497,0.16920718246162547
0.13176187144548035,0.17940746480516045
0.1341620431101835,0.1913770472978498
0.13621905844596222,0.20774684003960653
0.13798653520681506,0.22971418214793982
0.1393524757966738,0.2563124393824068
0.1404252127694866,0.2871884141318466
0.14119358067041088,0.32316364548754484
0.14153522385689357,0.3619822965783767
0.1413820924388319,0.4040598078777027
0.140571277376666,0.449568300132158
0.09579969622916273,0.058871371982148535
0.09468028443488324,0.10259112228118195
0.09315420127694089,0.14105134391663654
0.09116600540058496,0.17477169656363367
0.08881367837366272,0.20129775027321006
0.08605906030059933,0.22158902018774776
0.08285547233750683,0.23623281416180175
0.09123758835946426,0.027019252538573287
0.08748451381111923,0.03579908721939962
0.0835269567091891,0.04011131925054068
0.07941749437865177,0.040407810743429806
0.07554801451453562,0.03847961997731453
0.07185490044858332,0.037254845951082416
0.06822104354790745,0.0360917939702361
0.06488830361444647,0.03259133841762374
0.06180706591290754,0.025442227803462725
0.05904482816540733,0.013332226484323863
0.05706367301347222,0.00013623551521435573
0.05591319492804285,0.013066584836807671
0.05565157547418052,0.026676493935509082
0.05630700895872598,0.039892627451107554
0.05782815765468695,0.053114615929343856
0.06023136317611711,0.06673916675090963
0.06328381363527334,0.07994991280018082
0.06694580476433176,0.09312523065482159
0.0712425635588137,0.10646057394916264
0.07585013031841614,0.11951473057091722
0.0808166119946714,0.13268851077463492
0.08623290375563354,0.14636283913437254
0.09170360781442616,0.16016525419849703
0.09738170108018754,0.17382458513169619
0.10343285449585861,0.18743069634487416
0.10944438695100307,0.20065223641608387
0.11557063023112522,0.21387909068242505
0.12198345428606136,0.22751173621146403
0.12829033622433206,0.2407472808583493
0.13466519241418878,0.2539757378711185
0.1412919388482893,0.2675821429283749
0.08813178333678329,0.002963773167991679
0.0846388773973111,0.010121552417982294
0.08163807967850334,0.02293870700215006
0.07909521524594933,0.03650739182080098
0.07722936390890602,0.04967150487712013
0.07600118988324817,0.06283701693342536
0.07543605792952897,0.07640686348638061
0.07558255028406946,0.0895883414527847
0.07641000151429543,0.10278572050434365
0.07795121074827378,0.1164164979541966
0.08007258260419592,0.12988750437047478
0.08276002873173377,0.14360269196793185
0.0860847597612935,0.1572652986775851
0.08977959117177296,0.1704961379366554
0.09387662072424686,0.1836782584484591
0.09844477855854815,0.19689993155661556
0.10319954239685955,0.20994253442919186
0.10822762937356986,0.22311851141659966
0.11364779385036017,0.2366970042146357
0.08944836451023913,0.00460820924825267
0.08726962335878706,0.00857497699143206
0.08565027078095186,0.02176291874305214
0.08460139758884674,0.03535583574070933
0.08420726122554564,0.04855425978599026
0.0844369119391287,0.06175743347569029
0.08532084040376982,0.07536583857199464
0.08678827345313962,0.08857983112045753
0.0888254689932294,0.10179095628722944
0.09147839056312991,0.11538465391421361
0.09453539578648541,0.12839703895366772
0.09801077582829129,0.14148559104128489
0.10202750958212063,0.15515297621844204
0.10628253834695629,0.1683423412979348
0.11084572679442074,0.18153778146804767
0.11583057360080833,0.19513799135183293
0.12091001861292752,0.2083428305712487
0.12619753256041977,0.221552509860385
0.13183578896668874,0.23516771432653805
0.08896417526327265,0.007068027822425328
0.08862868893617759,0.006151836084935081
0.0888906539940715,0.019376161067319986
0.08977993321909399,0.03299692035194046
0.09122640811283668,0.04619712108103968
0.09321762036396461,0.059311480250966886
0.09578741224953626,0.07240400351119991
0.09876935533857603,0.08546799905597813
0.1021847368693217,0.09862180800996301
0.10610919816329745,0.11218644794910504
0.1102697031303862,0.1253721286828542
0.11473491474833719,0.13864546643453757
0.11962288193481964,0.15229458615228064
0.12461303202465894,0.16551730834790246
0.12981528439760207,0.178747600462261
0.13537045377691106,0.19238691050959789
0.14092897761972586,0.2056268172888953
0.14663087153326795,0.21885401030547172
0.15263525421351964,0.23244206276772994
0.08740031554005591,0.00555881125306934
0.08876236249768667,0.007325321075352997
0.0906801857056211,0.02018873966899504
0.0932144681834181,0.03376904457705532
0.0961671741298116,0.046938034121963616
0.09956210393153261,0.06011019464924705
0.10347618321016762,0.07368549623613752
0.10763561798695478,0.08686585417763104
0.11210967532712422,0.10005381621111664
0.1170089258414576,0.11366683164247693
0.12201115792415024,0.1268992403905953
0.12722188007577087,0.14023936213897548
0.1327488118472419,0.15465501135086138
0.13827383055037076,0.16872372855136342
0.14398264081688816,0.18200668449357482
0.14999984882310294,0.19553835527022076
0.15595782238353112,0.2087387043316784
0.16201214550873622,0.22192387988104237
0.168340370763208,0.23551134490527634
0.08866331272659225,0.005802036091479668
0.0916591698956374,0.007390204401506839
0.0951114649212455,0.020587383100139522
0.09909506131991914,0.03418999831577629
0.10332834358061768,0.04739792713144353
0.10787964110936027,0.060610806068077894
0.11286029053069904,0.07422884328168289
0.11794121489713932,0.08744615970958125
0.12323282165600805,0.100650770534358
0.12887436298776617,0.1142237777980506
0.134498773935035,0.12723881569070492
0.14027385419675883,0.14043633597192784
0.1463293214342468,0.15438441036437037
0.15228113404186122,0.16847437472508942
0.15835899823409272,0.18208680319666493
0.16473525183976578,0.1956919163268107
0.17099736741324645,0.20890681949694878
0.17732359369543013,0.2221266902241832
0.18390070868040048,0.23575202695439648
0.0863896915926724,0.006517052470855544
0.09083525583518344,0.006712091756115869
0.09560909387414716,0.019944363980968882
0.10082005967922336,0.03356845753314075
0.10611838796406772,0.04676859566995861
0.11161035090261422,0.059839770710114815
0.11744459617473188,0.07324528462978941
0.12327010005640208,0.08641623119019104
0.12922225830861792,0.09957580807649502
0.13546964172587792,0.113140788185093
0.14162910256620406,0.12631970752601082
0.1478695957336512,0.13951928925198454
0.1543679043495883,0.1532084583882779
0.16070178476941924,0.16704437365768554
0.1670905922076619,0.18087591856575003
0.17376279043774132,0.194535390860054
0.18017996983667098,0.20302512287451369
0.1864861270266358,0.20191452215033223
0.19297278229109757,0.19021880750984135
0.08394357032927374,0.028431823010242385
0.08891415906787584,0.047418353743435504
0.09430028005266264,0.07254288787041441
0.10001802401814405,0.10018583887465858
0.10573294451694282,0.12590284824169362
0.11169627945869334,0.14925357672510042
0.11819388590299118,0.16959843533724417
0.12480572746477024,0.18589000622248975
0.1315116106286466,0.20192598069644463
0.13853015572584376,0.21890967683633722
0.14540822262979866,0.2353870199523962
0.1523412915981311,0.2518639002641805
0.15953279042508284,0.26883909639168846
0.08086357286218374,0.03379130573849687
0.08561270086741884,0.05026610741933335
0.0907391409352944,0.06674405547910145
0.09635007290540545,0.08373542938961509
0.1020614011498697,0.10024304903640213
0.10798108778502025,0.11687709548425951
0.11424629146197623,0.13360322869120564
0.12049545306938114,0.14986777843074092
0.12688726432028494,0.1663749720435943
0.13358714073289604,0.18338457768503558
0.14018386950007247,0.19989343882605604
0.14685906406065952,0.21640137458180786
0.15380627359308338,0.23340871135576657
0.1606067586547972,0.2499155362814065
0.16745546421466984,0.266421724624601
0.1745537239781881,0.2834171671583561
0.1814747888472442,0.2998569873418464
0.18839525247957192,0.31581457752169406
0.19557394017300295,0.33264588418524954
0.0749236858026799,0.03783162628439185
0.07750461532261227,0.0542862698143014
0.08069424421044782,0.07087180146265326
0.08454813428881264,0.08791263657656012
0.08876805715093045,0.10445028895571506
0.09339452384595771,0.12098987980950258
0.09852515332658049,0.13803091238438592
0.10380578665836644,0.1545689895151603
0.10933772207552048,0.17109430308046258
0.1152540243831804,0.1879851866657847
0.1211605783922442,0.20396100328173072
0.1272475776185951,0.22040689841527383
0.13365812336961821,0.23735921150248007
0.1399953155684124,0.2538127354383226
0.146429120090671,0.27027191539493645
0.15314378873570592,0.28724218397269974
0.159732329653691,0.30372261200204
0.1663759708835639,0.3202832143085639
0.17327396181502308,0.33734980437051143
0.07016493209412099,0.03789966622546337
0.07056799069625994,0.05447573240563708
0.07175526910336703,0.0709737362023708
0.07375877007793194,0.08794233823541964
0.07640290221090046,0.10443559328140362
0.07966633707002749,0.12092749932425884
0.08359926748333285,0.1379187387933929
0.0878968920409932,0.15440912737272416
0.09260054872350772,0.1708982522260383
0.0978086902420658,0.1878862538951227
0.10316180041871045,0.20437625353890443
0.10876261304846871,0.22087212851648566
0.11475115782857434,0.23787292523289216
0.0681092785239712,0.03662312404222656
0.06671858219621166,0.05302200520189593
0.06619411541637525,0.07008666369120276
0.06646343109510042,0.08727077673769923
0.06757645302389126,0.10379538461587655
0.06949235006603151,0.1203190088283177
0.07223823931209603,0.13734259921545822
0.07557234670002547,0.1538642862024211
0.07948149337638738,0.17038559397995123
0.0840250953929504,0.18740722595409287
0.08885936842763939,0.20391927407124452
0.09404395175238911,0.22039117679190778
0.09968326315420278,0.23711592779500612
0.06477926485838026,0.03646257413571696
0.06135401690237313,0.052910447192884735
0.05872402564493292,0.069358303102395
0.05696265796363835,0.0863280429315445
0.056257928029309595,0.10294901909146413
0.05657083464751126,0.11998565390526128
0.057944513651437914,0.1370702378647124
0.060234084533223285,0.15362321332564655
0.06336248156035623,0.17017758658434046
0.06733852374564532,0.18722161268608906
0.07180365199506548,0.2036383020919348
0.07675673963437951,0.21987665613663765
0.08229298926178434,0.2368480583837345
0.06119851514565711,0.036272426412097936
0.05626900363016015,0.05274202785291937
0.05201923492227384,0.06921117392235622
0.04854251965246089,0.08617837410312079
0.046239270405072426,0.10264924582684552
0.04515645886713444,0.11913334312237289
0.04540903356310072,0.13614400215462075
0.046955292362105154,0.15285018037745512
0.049652375119203056,0.16972480067762064
0.053459454506450184,0.186478629180157
0.057961316001492375,0.20281021248432785
0.06309177925961296,0.2193104946768396
0.06888110047382554,0.2363124275118338
0.05719225220832904,0.03703336040731964
0.05079843120393348,0.0535349234831739
0.04485965398348433,0.07003582995237645
0.03943745873180383,0.08703593280755495
0.035161560004581656,0.10353565536781595
0.03225392449298657,0.12003493475455995
0.031098188158002547,0.1370246416341332
0.031953340610307794,0.15347852332324854
0.03459987239308175,0.1695152409805396
0.038825826506004094,0.18636428651022907
0.04395898103470634,0.20302362114726957
0.049796615522567936,0.21964543214169563
0.05632223451004055,0.2366786634415199
0.06299603564499218,0.25321162206602127
0.06990709150533302,0.26974398553435375
0.07720732516486238,0.2867768281919858
0.08442157181464066,0.30330725417782073
0.09173017947196521,0.3198259171626412
0.09932911917690507,0.33674244405572784
0.05864081952880164,0.037136761659380735
0.050761843849099,0.05310962797887565
0.04288588913110011,0.0695401136572733
0.03483454171019068,0.08648391897536278
0.027142121847974984,0.10293614970091225
0.019717920692444563,0.11940183365301671
0.012854619060257944,0.13639227908976717
0.008900062735765484,0.15307648424752474
0.011036824694356745,0.16962749581860811
0.017334763350019232,0.18668793741191125
0.024590279255241432,0.2032355854674166
0.03219746335491451,0.21955163298661873
0.04018240449797781,0.23612776692739376
0.04803980375881365,0.25261327275232803
0.05594100232607097,0.26909369517665604
0.06410943677500153,0.2860731118419024
0.07205431009133864,0.3025522164277237
0.08000934280430262,0.3190301343885671
0.08821164336987651,0.33600712161713187
0.057691508857445166,0.03943131940665712
0.04979332373135099,0.05591735665136666
0.04201514152972225,0.07241023963139792
0.03421751987247174,0.08939038408872715
0.027063099969940153,0.10559321402873614
0.02068311552829093,0.12186539429477808
0.015948581683142303,0.13887357343097165
0.014936819598629636,0.15538620705031853
0.018082289984618746,0.17189845135679452
0.023986122990574083,0.18890981607132076
0.030880444303988144,0.20541975994858166
0.03830141836159538,0.22193358084506024
0.046230267233868125,0.23894828402065496
0.05408068843583572,0.25545542697921264
0.06202286532532127,0.27194587680691673
0.07025849222567832,0.28880589628793474
0.07804815301977677,0.30596621151962755
0.08533997177415875,0.3221855526761639
0.09229519057828152,0.33510907089247
0.06256045336020989,0.03262267842802391
0.05736331625955621,0.03958318889586687
0.052841567082309415,0.03987871936409216
0.04885796693485302,0.03261694198903076
0.045609495959782274,0.01812051391268721
0.0429315526610393,0.0034334081954638944
0.040733873943902515,0.03238669154123076
0.03912214861767559,0.06615025219959357
0.03801558554257705,0.10449825128574908
0.037333958950194576,0.14503627047120693
0.03698520778314266,0.17916208180249973
0.036970548965474616,0.20775079256158824
0.03735129181091745,0.23094389768486615
0.0703965342892989,0.00427822045744275
0.07147074403725884,0.020228092976557477
0.07314947010401149,0.02932261705884631
0.07553946003298383,0.031214116428254
0.07849673728678053,0.025820418870248663
0.08184351508666304,0.016005628763597013
0.08529609325396845,0.005814973928173206
0.08864552730968003,0.004081149378787142
0.09199319950032421,0.013983115435608507
0.09544029600360843,0.024191889288392575
0.09878387738772022,0.03410694948837126
0.10212496370016877,0.04403048953980917
0.10556316421710493,0.05427124762850812
0.10889064994007729,0.06429682695352693
0.11221180974973324,0.0743497541051428
0.11564047571372826,0.08451890170860145
0.11894685415513252,0.09421526561325891
0.12219461791576303,0.10328595813017417
0.12554621293951884,0.11272983900967962
0.12885330768189962,0.12255342403317317
0.1321622679053707,0.13243863351957177
0.1355676636055763,0.14261992198180118
0.13886969653669057,0.1525018554892095
0.1421688655592327,0.1623860196543528
0.1455650023481406,0.1725724970865479
0.14885827944145485,0.1824623494303739
0.1521485495425616,0.1923552020648638
0.15553529177761063,0.20255098446108757
0.1588192053934048,0.21244999001077883
0.16209984443720682,0.22235215275646095
0.16547637587206987,0.23255762661064794
0.08088335531397704,0.024010649866026412
0.08404311652638541,0.0339190521271
0.0872090053962134,0.0438303297618976
0.09047630177704037,0.054044984271127035
0.09365202199668246,0.0639622917156557
0.0968314812767111,0.07388244297873214
0.1001104970226994,0.08410560599741812
0.10329520586374276,0.09402603442864654
0.10648113219621934,0.10394022965827521
0.10976405963209918,0.1141442317716015
0.11294930031813101,0.12402400417064863
0.1161233702026415,0.13376224181164087
0.11934216485070569,0.14317219868491593
0.12246893101946443,0.15233308730531991
0.12564797463098415,0.1621186019019896
0.12892829947029655,0.17226698848051747
0.13211085914262902,0.18211221931153207
0.13529218218281278,0.1919587431116887
0.13856866980915722,0.2021093683538826
0.1417473705865114,0.21196831552456574
0.1449244153758696,0.22183535421509637
0.14819569175049022,0.23201178858455274
0.15136803731364162,0.24190758812808918
0.1545338202674771,0.2518762799384633
0.15776756351074772,0.26253262736740846
0.08119829001933361,0.022385087295117678
0.08394392531563896,0.033011156045827494
0.08673213335660399,0.04330515566376514
0.0896508732242571,0.05352394759989876
0.09250368927887388,0.06345303523197732
0.09537419242884257,0.07339004950376093
0.09834842488416164,0.08363437448762578
0.10124977844283574,0.09358226149563853
0.10416379970604946,0.10353053349599284
0.10717770170732696,0.11377418777891313
0.11011275077170153,0.12370677743860492
0.1130555277859854,0.1336193719637988
0.1160876912515157,0.14372106826578523
0.11899734457372492,0.15299215110608563
0.12191342601992883,0.16225530480463712
0.12496930952149275,0.17237919330990525
0.12794438666632635,0.18225488566739445
0.13092355531007296,0.19212496023538161
0.133997048531851,0.20229236054589173
0.13698389979701028,0.21216300182558134
0.1399740194257471,0.2220365875428656
0.14305771498646552,0.23221280221250984
0.14605316069831156,0.24209313811358912
0.14905061160569438,0.25197688673759266
0.15214060109134642,0.2621637989781198
0.08311513426980004,0.02065031272511275
0.08548972459100668,0.030541022421298525
0.08790820237246942,0.040434991143553756
0.0904419624408066,0.050632038387639966
0.09293850741211418,0.060531837439299796
0.09546868586220222,0.07043453421646051
0.09810776038172885,0.08064046494733557
0.10069785846551031,0.09054908419697805
0.10331377272238379,0.10046018667480672
0.10603338118369668,0.11067250298494402
0.10869422485722337,0.12058129603237244
0.11137390994331593,0.1304845911196728
0.11415211724956342,0.14067440062781866
0.11685958142312051,0.1504918299180109
0.11955258068877246,0.15990878585851354
0.12233953094029576,0.16962656045775715
0.1250797814327707,0.17970860370551778
0.12779225623732243,0.19044529465169235
0.1305656624980216,0.20199243671529435
0.13327022260588406,0.2130852468335771
0.1360183482228508,0.22354670925160436
0.13889230299446323,0.23374309392520368
0.1416897576681152,0.24364027580844952
0.1444941309392272,0.25354325700031
0.14739010639245861,0.26375184998177836
0.07583769521010288,0.022570474755295056
0.07776927113899922,0.032483201980829435
0.07977154704371822,0.04239885199278337
0.08190283545621893,0.05261775767884869
0.08403268094297069,0.06253866158379662
0.08621819127591977,0.07246198016450923
0.0885236278021792,0.08268849825335689
0.09080932037299938,0.09261671926027759
0.09313867166538169,0.10254749863516109
0.09558068877109482,0.11278145316813859
0.09798838042032658,0.12271458243220579
0.10042973901822377,0.13264279235592102
0.10297730639053836,0.14286388494907287
0.10547831762884971,0.15277102928995046
0.10800273605678211,0.16263022264491767
0.11060987803034292,0.17249290320834332
0.113163123229692,0.18206268298764705
0.1157588282847723,0.19195274068580614
0.11845168343219385,0.20211880196384602
0.1210828464097629,0.21197828529841622
0.12373022395775711,0.22183489880178797
0.12647384549762625,0.23199217304517528
0.12915122415555413,0.24185334944356174
0.13184175840359627,0.25171773705357947
0.13462651276239102,0.26188458484225907
0.06822091426222447,0.027715115632760186
0.06957617811558778,0.037586700216746705
0.0710377124506466,0.04746351988413622
0.07264775880180895,0.057645970365263415
0.0743050014214514,0.06753573715404859
0.07604904686486104,0.07743300656980079
0.077930315605842,0.08763947057117738
0.07983209003698988,0.09755909250572793
0.08180202728765293,0.1075143899520501
0.08388510501052608,0.1180888296902609
0.08579946045286407,0.12646861794323946
0.08748344056325749,0.13078291962601574
0.08897100593716732,0.13151800451958406
0.09015149660968098,0.12922978039659339
0.09103095604983977,0.12461736872117135
0.09155877855425769,0.11812811335321816
0.09164158288277297,0.11083074536558168
0.091317795999627,0.10326696495827892
0.0904871813419805,0.09528189663321318
0.0891537043302271,0.08650424054625216
0.08729837941758774,0.07518556993251613
0.08484893942128137,0.06146968902000704
0.08199815610163272,0.047099217176455266
0.07877259776890073,0.032902296881169635
0.07520373746151188,0.020000641834285737
0.07169873231963036,0.010499133504652258
0.06845891223596123,0.0013888518053939427
0.06553203008081646,0.00830880840167203
0.06310956601085087,0.019345491487384958
0.061169608443508244,0.03239356856194542
0.05980192126577567,0.04598421835446276
0.0591325430711206,0.059351258804917865
0.059125284001262365,0.07337162796146268
0.05980303831826947,0.08761298843309939
0.061119295587352566,0.10084461705422454
0.06304359945641164,0.11408096369875585
0.06560545873156082,0.1277232288935819
0.06859198066125806,0.14096177762214568
0.07200821038764409,0.1541840402518377
0.07591389611645567,0.16775101909349163
0.08001343795393859,0.18068647709139363
0.08439577312058329,0.19386439300190883
0.08914991580702673,0.20743502519314252
0.06738411478634432,0.00430597773242658
0.06405861033229321,0.008865435851100667
0.06120877547559614,0.02204054908210606
0.05884390001129208,0.035619249330774316
0.05717140721498588,0.04880560548833923
0.05616861506357702,0.06200445783188213
0.05587408414675934,0.07562221266187663
0.056316036432285346,0.08888757418650295
0.05745075451509317,0.10254132509384917
0.059292374440002994,0.11686563353762613
0.061695024601991465,0.13015927710802266
0.06462361097039433,0.14315380476042705
0.06812457805544894,0.15656657942169083
0.07193205627832663,0.16975398515354856
0.07607508357300119,0.1829370239947328
0.08063984915066141,0.19652327014852267
0.08531215388597091,0.20971477086169665
0.09018475599564983,0.22291142832053934
0.09538149911363683,0.2365136353176016
0.07351370308717449,0.0038555354289697696
0.06868399036253311,0.0093519944154421
0.0641266851343999,0.02256437638997033
0.05978337525540005,0.03618111341900532
0.055989392034903156,0.04939119135957793
0.05270310091400702,0.06258384680482898
0.04995717873920661,0.0760704156716967
0.04802033042904615,0.08887434809652017
0.04687321176148889,0.10213672119572692
0.04658481070337947,0.11623946438601297
0.047183922971765484,0.12958739404538244
0.04862538776435294,0.14278976070878135
0.0509157822811521,0.15639860804637973
0.05382259618402727,0.16961259145768537
0.05729959093775957,0.182831520706233
0.06137565961259125,0.19645607458454073
0.06572334587505917,0.20968442414544342
0.0703838146116378,0.2229125415213398
0.07544964845230487,0.23652596779580512
0.06570050545047534,0.005800637546875098
0.05992806688143585,0.007364545235840403
0.05434587769686263,0.02019547484813433
0.048817853596658994,0.03356301726275035
0.04375230430176198,0.046720714989466394
0.039118171646381907,0.05987948789818542
0.03497765972839672,0.07344718290191254
0.03181197252007998,0.08663137052689907
0.029760428003913035,0.09984772793414098
0.029059620879291127,0.11369936095307231
0.029837855934224118,0.1271471356713949
0.031957224786620636,0.14037084775839803
0.03528752591646183,0.15401722690335662
0.03935612180710778,0.16725438602124365
0.04401688843450528,0.18046547921370504
0.04924868394081463,0.19388507806628086
0.054613753666543835,0.20663690100742202
0.06022894512973181,0.21980920858277522
0.06618488486316644,0.23338232144006144
0.06846060863561916,0.0038354116775076714
0.06204930864026151,0.009341024885253013
0.055678743010776924,0.02252182897890931
0.049176226250862716,0.03610686703825783
0.04295248617990044,0.04929709407401761
0.03686113042053347,0.06249247553384141
0.030809288000242404,0.07609643753945017
0.025308857055458434,0.08931315136737215
0.02048040786696063,0.10253996981161297
0.016832322326568276,0.11619480164035113
0.015491301756840088,0.12947038191490767
0.01683522226831537,0.14215013568640208
0.0204774670113768,0.15557438919713817
0.02530042360927346,0.16875895762123608
0.030794259216343742,0.18194635192971553
0.036840020536973786,0.19553770115800972
0.0429270978567809,0.20873400537905432
0.04914869790837488,0.22193577567534906
0.05565137140999695,0.23554356182686156
0.0685122742744199,0.00517556115029505
0.06180181219351118,0.00803763614751496
0.05508783112933483,0.021256088923219618
0.048167497581310864,0.03487706911080268
0.04144986525604633,0.04808443282846486
0.03473419546587293,0.061255887883575166
0.027839964510871305,0.07454440512608773
0.021159295624413012,0.08735933497049286
0.014455207682102471,0.10053118914687474
0.00758212634757089,0.11409959025843631
0.0014828634721355937,0.12733955595456514
0.006076592873162988,0.14088322591324776
0.0129269471967626,0.15453512162076022
0.01962718626182326,0.1677560281925925
0.026338461582480262,0.18098458190066324
0.033257520674129154,0.19461946020120058
0.03997485644838212,0.20785799472708225
0.04669188339798331,0.22109245156440327
0.05360995083695866,0.2347106001992807
0.07181138498547203,0.004298126388034174
0.06525084456403794,0.00887009008496209
0.05875420442881227,0.021965294328498253
0.05213658214782715,0.0355546774863531
0.04583357419707207,0.04872095480587424
0.03970384626769618,0.06188928509946923
0.03367157351690887,0.07546104945900867
0.028267017647529723,0.08864265084776202
0.02361803792585586,0.10183882688790646
0.02017909970684701,0.11546152819022337
0.018869326273029775,0.1288323467822412
0.019944883131663378,0.14287552153250704
0.023185249804947402,0.15725644646161374
0.027729034629342692,0.17052572641519959
0.0330712824390751,0.18373521211437982
0.03905088950065937,0.1971608583414337
0.04515497329179827,0.21033632414882275
0.05144167697348644,0.2235172955668161
0.058046260045748796,0.23709828209443898
0.06591708878650472,0.005011089069489661
0.059911672874400884,0.008174356217498957
0.05411949425959814,0.021364441296067405
0.048457322385507935,0.03495947540392352
0.043373923977618065,0.04815988118294179
0.03885972046321524,0.06136511396482635
0.035038815220223646,0.07497546965141488
0.03241815809644908,0.08819110488664705
0.031145686948264254,0.10140579273484196
0.03141616949382367,0.11500971630192501
0.03313625049050001,0.12687479823784953
0.036013831794777615,0.1377843730595658
0.03994541780988246,0.14736307039648366
0.044447413461105326,0.15155654685394193
0.04955193596608831,0.15111043208578412
0.055557899200251,0.14769277724745278
0.062010039252984796,0.13872027413399124
0.06902079628678122,0.12389437048349539
0.07650197626943865,0.10687101488123973
0.08386801951009781,0.09034703294386937
0.09131002965263474,0.07383211174432791
0.09903487570795871,0.056859406167735216
0.10654867550434859,0.040818353409297625
0.11411649649634738,0.02447268703133565
0.12194548744102178,0.0075310065159568396
0.12956234421741647,0.008929003144200642
0.137188275971279,0.025448318077113452
0.1450306402705404,0.04275998180047624
0.15267130243877952,0.05929160582755566
0.16031448934860418,0.07584124831587102
0.16819076497172034,0.09289583454856398
0.1758343009670676,0.10943758250779512
0.1834693381173552,0.1258850642027829
0.19130229688864553,0.14237831169317916
0.19893039656694128,0.15883437972661074
0.2065532619612567,0.1753026116403178
0.21439966306924463,0.1922695784811963
0.05872665979829854,0.03431466472086475
0.05074658079369603,0.05078165617090846
0.042783610333807336,0.06724927420028148
0.034614846001832324,0.08422676124667028
0.02675583210880365,0.1007219438740421
0.019058070347144438,0.11727391258128916
0.01163962395906856,0.1344410314955531
0.006746968413716541,0.15078305271294612
0.00918926486714513,0.16691326624959713
0.016118350843344176,0.1839199382101162
0.023692767141927744,0.2004204113244712
0.03150038603361413,0.21692061366626936
0.03964254892051907,0.23392025753226653
0.04759165435530436,0.2504191526233779
0.0555657053186996,0.2669176121099972
0.06379644891772047,0.2839157987087271
0.07179285852528688,0.30040643974948056
0.07979104583338058,0.3168707075938962
0.08800319493609207,0.33343399396708695
0.06555334804252125,0.028418139651819517
0.05758820018446036,0.0446378770709537
0.04967639678916468,0.061080253386320636
0.041650113148041006,0.07813765000047493
0.03405105454544193,0.09466382669655474
0.026811859603172634,0.11119538738597635
0.02014706945745228,0.1282274572398843
0.015463453733553536,0.1447580609436392
0.014400999769189356,0.16129070875136556
0.017777521363409314,0.17832141699565907
0.023636315225171196,0.1948373581737857
0.030592949709498517,0.21122652038364387
0.038287738064264505,0.2281864167528689
0.046013168959244274,0.24463409881155873
0.05388096348953911,0.26108806723700645
0.06207642154040475,0.2780565800315531
0.0700835833308416,0.29456571210948845
0.07809465131486294,0.31144984921999735
0.08636459679225915,0.3289561800708792
0.07054016913639939,0.02647876330972565
0.06336982484250926,0.0430337817086861
0.05652726948094403,0.05959512506315346
0.0499664414566193,0.07659949214725703
0.04428296196185765,0.0929875233158497
0.03955835160315397,0.10946840457156438
0.036102572229002455,0.1264512244292928
0.034527002773142995,0.14293414695972873
0.0349472395986439,0.159416062465803
0.03739507842178662,0.17639605625171617
0.0413881349333238,0.19287633408090832
0.046562724275714965,0.20936542472594108
0.05276143489448395,0.2263693563725928
0.06961777407167284,0.027774998828570926
0.06395692088624995,0.04432209185556335
0.05895888995579091,0.06113063916123185
0.054694303454033526,0.07827642296738137
0.05169043650599655,0.09478342332242962
0.049966186629541505,0.11129826885180316
0.0496692842451142,0.1283138238956214
0.05084267446001964,0.14482796385438057
0.05336127006697669,0.16134112835680628
0.05717498680190489,0.17835426626560436
0.06184511464231777,0.1948670840360638
0.06726830132610855,0.211372781075867
0.07346486771514323,0.228350177116051
0.07168895881398042,0.030669406005480848
0.0675287803782792,0.04682832590534991
0.06423872133456801,0.06321636670398778
0.06191816744313531,0.08016821416989739
0.060823216538132344,0.09669710928521758
0.06092867312643443,0.11363780640447274
0.06228607120552673,0.13075607323604865
0.06474239739025939,0.1473009936461671
0.06819808798375986,0.16384681835247772
0.07265267311202175,0.18089387798078738
0.07769684167155687,0.19742959401763516
0.08331720388196508,0.213902862974225
0.07515313580119859,0.011717145319422695
0.07161013376858542,0.028294389495477468
0.06908229345779103,0.044749363954811994
0.0675701896096341,0.061209501446716
0.0671479822301519,0.07816821912101402
0.06786141152871156,0.09462918172407743
0.06964744780426543,0.11110057142375405
0.07252482177435327,0.12809039643329267
0.07620878570399284,0.1446788314093017
0.0806376645001355,0.16154749308676752
0.0858834469232383,0.17859556946901026
0.09150362843369848,0.1949820566153191
0.09754172065715473,0.21110239938119116
0.10415716267488924,0.22810132795235338
0.11087634778884108,0.24459466005218689
0.11783764638229972,0.26108788600865784
0.12521899364373115,0.2780802345530622
0.13255147675456672,0.2945718159733206
0.14002190349384755,0.3110627355103741
0.1478392592486195,0.32805312505367223
0.07780450976289675,0.02832779258757734
0.07765965723849863,0.044814970813829236
0.07848985663766006,0.06129052453704253
0.08032447815047972,0.0779165445903287
0.08298886941314233,0.09431095631218488
0.08645293390865581,0.11099221208720311
0.09076583326780505,0.1280031383435858
0.0955711416012011,0.14452886808606324
0.10089836277828046,0.16105384955955482
0.10684940290827366,0.17807809770237681
0.11300368168665754,0.1946007487841701
0.11947126914023413,0.21112294565210443
0.12640967758682897,0.22813623023898155
0.13336601514958502,0.24460306129890963
0.14047819659390162,0.2605956221589849
0.14798943371848886,0.27740460692211677
0.15542289894124664,0.2938443984173069
0.16296892551762307,0.3102964712461085
0.17084330774698617,0.32726288300378353
0.07373809269711305,0.030823045501341847
0.07676045656616001,0.04737547021187494
0.08060265075494077,0.06394482646222066
0.08530156497742199,0.08100318215780301
0.09047007628609659,0.09755906573825435
0.0961383803747466,0.1141038299745114
0.10240684892569604,0.13103442508362687
0.10881179337975434,0.14702407163513165
0.11552549113046007,0.16348154380548108
0.12269034828574248,0.1804522733162628
0.12984374879225752,0.1969235110253944
0.13716099257891676,0.21339377445126792
0.14484346901292527,0.23036179193843842
0.15241572882502885,0.2468441579602245
0.1600835122081525,0.2633435934334354
0.16806423522517183,0.280397787982138
0.17575320522221344,0.295918705407354
0.1832832258929633,0.3113357249295443
0.1908485566281948,0.32943693585075345
0.07680031252151288,0.03223027735231909
0.0809793991607611,0.05140845250994097
0.08534792503983779,0.07115242706905467
0.08984376859011244,0.09112139909309258
0.09405400375274378,0.10925811311016176
0.09802026296004025,0.1253014457372752
0.10181531118961624,0.13869416861396444
0.10521557056240202,0.14767922523258203
0.10836720951514199,0.15204578318662398
0.11133224046927372,0.15269202813444238
0.11389360142121115,0.15123085033760056
0.1161124276011072,0.1493731417303794
0.11801324503254938,0.14878279109923076
0.11945498487556903,0.1511522975637769
0.12048547008210939,0.15788023763095405
0.12112267668555537,0.17008395024269873
0.12129901145744593,0.18795195011550225
0.1209728873634525,0.21192207887707926
0.12003804490745701,0.24295997789385182
0.11860341268108106,0.2777656836322003
0.11700211502879834,0.31139212186190446
0.11518037993959158,0.34372958841038437
0.11321272119485792,0.37239279482999077
0.11101698920581664,0.39790658829185555
0.10848420850204957,0.420423013578741
0.07196976593208589,0.03612161847236428
0.06979530461458548,0.053867895348393646
0.06740252871184825,0.06714311937264783
0.06480546879401018,0.07748250346880348
0.06233872212769083,0.08742156719780869
0.0599380283689479,0.09735516670427191
0.05754274435649514,0.10758122680774873
0.055304090447380674,0.11749171347911536
0.05316397532225803,0.1273400858270598
0.05109353881296407,0.13705982402712913
0.049213825947679986,0.14631244729448512
0.04744165604699549,0.15610501192552406
0.045770597930776924,0.16627295949514365
0.04432017958369044,0.17613755103557638
0.043056004488350536,0.18599944230899268
0.04196605979868635,0.19616227641940964
0.041130728829568496,0.20602920187527907
0.04052854936979518,0.21589943945272894
0.04016322120489521,0.22607231101212863
0.06758411935487371,0.029022477041790062
0.06448464807689194,0.03889957934758148
0.06140072473999761,0.04877992715431123
0.058242686346139945,0.05896312836113827
0.05519990406542461,0.06885016874373562
0.05218350065100821,0.07874043825798005
0.049108953410434496,0.08893416234994722
0.046164005756820996,0.09883325164312706
0.04326605429700859,0.10873838167585581
0.040340602259969736,0.11895071318822781
0.03757360550088116,0.12887024161546842
0.034895660875819454,0.1387975021547484
0.03225420929241042,0.14903566373177068
0.029837024649696033,0.15903564719522764
0.02761783415181019,0.16948497260377385
0.02559123703845345,0.18096104249758638
0.0239078499146747,0.19192955220081942
0.022534658366718557,0.20233195153108074
0.021493601511245408,0.21272920790026495
0.02095077347970266,0.22261985982242113
0.02091415965513976,0.23250711990036077
0.021408149516251383,0.2426927675907533
0.022370178166375286,0.25258195545534956
0.023749635624054178,0.26247395911921423
0.025536070919607568,0.27266851739737163
0.06594565748814944,0.027894286660348877
0.06258422088940231,0.037791792485853404
0.05922077689934755,0.04769206552713556
0.055753416408018716,0.05789537936309891
0.05238622620998399,0.0678015443435439
0.04901738279305771,0.07771060378302963
0.045544876220114355,0.08792288661925929
0.04217314803145206,0.09783766898926766
0.03880028660951287,0.10775519896687852
0.03532426817840391,0.11797624234938653
0.031949858026440334,0.12789961536033972
0.028575252725392988,0.1378255745683697
0.02509889566203384,0.14805370533022766
0.02172667301523078,0.15797708760603713
0.01835800385477233,0.1678936837977666
0.014894070159170188,0.1780995004542388
0.01154590804368469,0.18797526650432309
0.008238435112279051,0.19767554885617522
0.004922286966198954,0.20755336244812372
0.0021582643888785804,0.21743212448049293
0.002818682677054706,0.22729350443506052
0.005934595017020845,0.23744515676340056
0.009212538597982375,0.247294187563483
0.012544254326821509,0.2571454415147199
0.015997717871808856,0.26730068288865877
0.060291413127380185,0.02703941451029857
0.05699348805136382,0.0369024034895023
0.053714923327573445,0.046772667900567895
0.05036177739854285,0.05695096103583646
0.047136910104506324,0.06684127038301449
0.04394878366375658,0.07675256391912283
0.04071937588787238,0.08710178920440273
0.03767589264580626,0.09767069728266958
0.03469749746824867,0.10814034151275928
0.03169005583617628,0.11835458306947569
0.028896344804777815,0.1282946069520044
0.026264324750327025,0.13822951873711703
0.023779769611161558,0.1484708139161007
0.021663939759328985,0.1584155080862464
0.019933853733920308,0.16835859247477264
0.01866826613887361,0.17859739038146466
0.018045172767818866,0.18852238500520083
0.01808012918080486,0.19840161090660627
0.01878862708980439,0.20821653462000672
0.020037286496413356,0.21722840296011464
0.021768874127603508,0.22666576118658183
0.023967145945918686,0.23684935908289173
0.026390017472259115,0.24672296202263616
0.029025928005069604,0.25659262723671716
0.03190896398233985,0.2667625716980502
0.05888879913505345,0.02551107915747758
0.056119093123952205,0.03538454731417369
0.05344066116591104,0.04526109643095004
0.0507922166350142,0.05544035826565234
0.048347368270026954,0.06532358118957793
0.04604669409735396,0.07521019905720312
0.04385149281894805,0.08539997084316682
0.04191749674716898,0.09529340514435052
0.04020585629277672,0.10519006708235198
0.03870643647603957,0.11538979519682266
0.03753790178092181,0.1252924023229846
0.03667950848943591,0.13519772623473447
0.03614306197121802,0.145406262267585
0.03597516758146081,0.15531717271396514
0.036159917232626994,0.16522928083242372
0.03671336877427787,0.17543721785999056
0.037587460804097694,0.18533728737655294
0.038770327546068885,0.19522584927815229
0.04028156983785812,0.2053731600091125
0.04198758388994947,0.21491471046210603
0.04387850944714702,0.22388924907386018
0.04603927385200091,0.23350158925415096
0.04833595735944533,0.2433585137496726
0.05077508073809908,0.2532553186183112
0.05341097599728989,0.26358133618540847
0.061966113326505555,0.03179637368192409
0.06021300191157081,0.042013615735800834
0.058621232558205255,0.05194708152192315
0.05717465419914703,0.06213330978939691
0.055975026129954336,0.07202673906627655
0.05499023423835648,0.08192641416124655
0.05421283358376616,0.09213291975449989
0.053698506462715685,0.10204519523677634
0.053427870875996784,0.11196252488216041
0.05340793748122811,0.12218422621691212
0.053591958608780195,0.1306392790734754
0.053820373432488855,0.13664408614487994
0.05397932097551038,0.1402464947255671
0.05400471397934357,0.14110861623752857
0.05392351161462412,0.13954586116273143
0.053763324441536614,0.13460937618247293
0.05358457250344661,0.12500519518794528
0.05345555449939178,0.10886688986668402
0.053467934954549615,0.08443966107539536
0.05373501207349638,0.05450269506877259
0.05438626987723547,0.02040027732419178
0.05559542414145028,0.016608596626850408
0.05738798828924737,0.05158785987076371
0.05982906170180144,0.08268464541485808
0.06299274081510903,0.1076560866671602
0.06670062583161993,0.12455104494859046
0.07109707046546965,0.13565936612692883
0.0762312378160592,0.14790977356343404
0.08159223659363948,0.1610856280993906
0.08719005530044129,0.17426696208847964
0.09315953697451373,0.18785339545575472
0.09911421052781662,0.2010454887376179
0.10519925232203077,0.21424460044474888
0.11158122839673995,0.2278559215122116
0.11786592891047598,0.2410790747453998
0.12422340884263715,0.25430631619963906
0.130834848423345,0.26793563078497024
0.06722393610489526,0.0074792474237246895
0.07306168820852063,0.005540668498238573
0.07904877852840904,0.018287323765399526
0.08539632620812967,0.03187926944163473
0.09166794325533163,0.045067522889537234
0.0980269305126076,0.05825878932026783
0.10465258331540955,0.07185437372917701
0.1111417811519621,0.08505528491444028
0.11767812233099935,0.09826177969079324
0.1244531398560943,0.11187431815886383
0.13106143233413217,0.1250917975144254
0.13769620999409896,0.13831421160732382
0.14455429811397116,0.15193598096613287
0.15122688879506244,0.16514167461186285
0.15790985540086105,0.178308790659714
0.164794210415654,0.19174461462568826
0.17149720364601595,0.20494332888417144
0.17820245073640079,0.21813541143981252
0.18509827262281867,0.23198213102825677
0.06390640293489415,0.010082836523939931
0.07030998470378926,0.004015160223026171
0.07679992177673492,0.017800849239976213
0.08357784404510579,0.03141909364200973
0.0901935043649262,0.044643652204764406
0.09683752471085137,0.05787308084001952
0.10370594447795933,0.0715080937354447
0.11038958845143189,0.084744689720816
0.11708504439652705,0.09797107027753477
0.12399105099768168,0.11157315960386059
0.13068803049934924,0.12462949444039972
0.137392421473977,0.13771802141162537
0.14431045360535283,0.1512834836174606
0.15102676095134884,0.1644485783557801
0.15774408968139333,0.17761647991461904
0.16466474810863638,0.19119050603657775
0.17138022486584198,0.20437819865930762
0.17809271791847023,0.21758566062516804
0.18500120392686148,0.23126153666867844
0.059496443287928046,0.009603100261581399
0.06615582807934077,0.004184151995721641
0.07281169818794292,0.018166685761301093
0.07972266187286367,0.031903115387753034
0.08643860198739584,0.045132044391352655
0.09314990801047532,0.05828664499940972
0.10004341501927135,0.07159666066688941
0.10675809296818037,0.08479070079952156
0.11347000966891051,0.0979707464746049
0.12038321564796677,0.11155143268688295
0.12709076516323883,0.12473710560389595
0.13379551731635755,0.13792756251937188
0.14070004081277226,0.1515230585475582
0.14739774314073575,0.16472384125855222
0.15409130768118093,0.17792925641808843
0.1609827886267597,0.19154060069758305
0.1676654812433203,0.20475759022980655
0.17433991982167923,0.2179706811182608
0.18120429848972475,0.23156441792644525
0.06211162731025271,0.011092996878807493
0.06874807898735118,0.0019757796045299925
0.07535939771127273,0.015736237941535332
0.08220738521629561,0.0295445556091708
0.08886679078396324,0.04273869592484736
0.0955239788330131,0.05593686693284205
0.10238026409617679,0.06953957644095454
0.109032031553447,0.08274681527922056
0.11568064295318087,0.09595883336850763
0.12252707243534698,0.10957632661215379
0.12916820749064453,0.1227981831474918
0.13580500831718093,0.13602362541781265
0.14263677991811408,0.1496412109347813
0.14925976956706982,0.1628332546208826
0.15586420447758134,0.17587896697611394
0.16263842103104165,0.18904732718555403
0.16923979307647027,0.20220671498450937
0.17583344889962113,0.21536703531338242
0.18261896201617983,0.22894136801451923
0.05836772012744354,0.005023421734201339
0.06455771833589861,0.00819751427713933
0.07079269841823857,0.021737526151081488
0.07727016356005272,0.035637921746712875
0.0836137408785749,0.04885364172431417
0.08998508259947809,0.06208808976516855
0.09657262747830454,0.07572938224609603
0.10298327068506383,0.0889677034694345
0.10940523714568916,0.10218942274878828
0.11602656375080471,0.11574774163747037
0.12242838403636747,0.1285285557630631
0.12885682505615303,0.14156145004665333
0.13549547815057278,0.1551285721538016
0.14194117221990576,0.16829901284009097
0.14838810921217715,0.18147304493924987
0.15503067794335354,0.19505042873054987
0.16147717204415496,0.20823362367341325
0.16792177098422637,0.2214263680258646
0.1745584372978691,0.23503338301500284
0.06237124232182649,0.008159670042878098
0.06804860863635517,0.00506872774898004
0.07385431536515627,0.018380632366283622
0.07993090608169091,0.03225254205271599
0.08592324385254484,0.045437877415765104
0.09195894341579239,0.05839745277571207
0.09821663022677421,0.07158328489295539
0.10436425103428655,0.08477538664125972
0.11054430825878887,0.09795770190659403
0.11694035542541659,0.11154268714994253
0.12317114266462957,0.1247329803220145
0.12942034392014382,0.13792842943045058
0.1358746350633866,0.1515294870855317
0.14215145133326676,0.16473608196594602
0.14843799073130584,0.1779477739723565
0.15492294100692272,0.1915639657790078
0.1612220506238872,0.20477393553476309
0.16752282622569833,0.21796385765493742
0.17400763652266657,0.23145367416414508
0.06135408419700635,0.010022841102962587
0.06623563055627686,0.002675944222133131
0.07138244076587813,0.015772931061775575
0.07688644000882874,0.02939088741727236
0.08238607185490679,0.04256322446611805
0.08800774152168267,0.05575851233936513
0.09390410471749842,0.06936420385711672
0.09971019630636561,0.08257665941477388
0.10558393251540957,0.09579460900951209
0.11169435784316997,0.10941857873140237
0.11767251157189226,0.12264690213746454
0.12368936179900288,0.13587621987280496
0.1299211975676708,0.14949592907602582
0.13599555391004642,0.1626960712009138
0.14208546705095157,0.17581133491645962
0.14838493290149488,0.18939326219462504
0.15453911061716977,0.19725774666354612
0.16070411694734618,0.19517566447042212
0.166952310269884,0.1830805858529696
0.06263274768799448,0.03539939731318076
0.06644039284820595,0.04893391319099627
0.07095619202732391,0.05555809993660365
0.07622001676148683,0.05978830724984463
0.08182543053534493,0.06656932806517046
0.08797224964070699,0.07741841361019963
0.09489351184037706,0.09343751179729765
0.10192962023848262,0.10991923947778437
0.1091743443984085,0.1264017206839676
0.11681383901939595,0.14338976951588078
0.12436510697959621,0.15988658330019057
0.13202443481532192,0.1763785099080064
0.13998958915148652,0.19323470985444735
0.14777233338085785,0.20933797993320669
0.1556469553283393,0.225850419755689
0.16381228737707326,0.2428633513051559
0.17177986491788538,0.2593758769502996
0.1797818303421229,0.2758873510971489
0.18805570198392918,0.29289801975829644
0.06048359299802003,0.03666405289822894
0.06733051184063778,0.05317381470794392
0.07449198051075813,0.06968353464595878
0.0821109812801359,0.08669395806903202
0.0896788507989254,0.10319403114136971
0.09736904698260232,0.11959341867178973
0.10539622478479913,0.13652460411346845
0.11326360042325977,0.15297675719507467
0.12118539990926538,0.1694900693605781
0.12935356151598038,0.1869991999226175
0.13733365782125556,0.20382591051171528
0.1453680135906392,0.22036538301069242
0.15366876703336493,0.23741392522395488
0.05921276222416998,0.03276239130937775
0.06672277672724566,0.04931077814183893
0.07439953902973243,0.06585317187500284
0.0824314182982036,0.08287706443727716
0.09030081728095224,0.09920975123621467
0.09824336698891424,0.11568741377045777
0.10647505053396959,0.13264713187972424
0.11450119218818507,0.14910818565798148
0.12255440528392482,0.16556961752347443
0.1308718122153222,0.18253993351497488
0.13895782730396972,0.1990304693487588
0.14704624877840633,0.2156141477564493
0.15534233709399858,0.23320255519524502
0.1634299124724163,0.24990164554535665
0.17152528062345726,0.26640779844234785
0.1798500430414152,0.283203268047137
0.1879418923813737,0.2997040202554522
0.19602927830156286,0.3161989730959074
0.20435618393458302,0.3331936060877184
0.05579956621357232,0.032773364858632914
0.06381243486976644,0.04926749252848461
0.07186203488575935,0.06576055229673083
0.08018090844716905,0.0827525218962375
0.08827149210835025,0.09924462356676123
0.09637199698085226,0.11573547148376608
0.10472188501113285,0.1327230955705706
0.11281431560290964,0.1490391871981479
0.12088710894263474,0.16551349604565757
0.12917829983562126,0.1830423561198825
0.13726478148544577,0.19959051831893967
0.1453490173929169,0.2161154588958799
0.15367238737970795,0.2331428103932831
0.057047317054167115,0.03314531224175765
0.06514599356941307,0.049670579636102774
0.07324634386999518,0.06619487055908369
0.08159196722111184,0.08321984692877138
0.08968990176238464,0.09973765681282365
0.09778300761504859,0.11623091738516844
0.10609213876045198,0.13287160749060567
0.11416445122404874,0.14919823445569935
0.12223877707080794,0.16563819502769173
0.1305500952272455,0.18259052117392394
0.1386077974797759,0.19906703195298237
0.14664273678102052,0.21571232411422356
0.15489731627140663,0.2330246045924531
0.16292353453303166,0.24956074969186437
0.17093820261632833,0.26611905560527904
0.17918445556156126,0.28317011331659814
0.18717327430276728,0.29966322807367185
0.19511986371275372,0.3157106224102228
0.20332273278928525,0.3326392379742479
0.0600415635178146,0.033864146201667
0.06800103482165591,0.050337480570917026
0.0759700822313951,0.06681016782482507
0.08418632750784523,0.08378121516343712
0.09216350782057824,0.10025201019946155
0.10014058764345327,0.11672683419159319
0.10835654137196106,0.1337155176194546
0.11632555691148512,0.15022653431204744
0.12427355200128562,0.16690306369711033
0.13244562676252364,0.1838203510992525
0.14035108392714168,0.1998437650535564
0.14828413042992272,0.21634730666539906
0.1564494622140479,0.23335214407632343
0.164366290953372,0.2498567105549353
0.1722742222470421,0.2663607143409378
0.18041182657457697,0.2833641394717248
0.1882998604112563,0.2998669938387557
0.1961772770216226,0.31636987584768905
0.20428117761370315,0.3333671145025937
0.054346135022320004,0.028979178820599773
0.06196026366797044,0.04545383356885241
0.06962600727273634,0.061617817035104994
0.07757056722324857,0.07822104104543026
0.08533674053288923,0.09467527051734394
0.09311412914912998,0.11127995337389242
0.10115212894377694,0.12829884054798124
0.1089642561618086,0.14482939654988342
0.11678336833922393,0.16136503867348587
0.12484418841114955,0.17840133329984453
0.13267011597297643,0.19493644126697787
0.14049543475980242,0.2114637179927484
0.14855316819834805,0.2284537161335493
0.15633984343565263,0.24449347588893225
0.16414029237484096,0.260792842632856
0.1721818518913459,0.27773973784459716
0.17998026444378945,0.2941888677450374
0.18777033998300713,0.31064508599284
0.19578614553170834,0.3276121808060967
0.05321889912560421,0.028057057950873876
0.059960873803475624,0.044555963833365644
0.06690708840588978,0.06150467977588449
0.0742606669882734,0.07869357592861669
0.08153181066083912,0.09526273286464614
0.0888935394964794,0.11181133882914561
0.09654300397683305,0.12874278007608336
0.10402465208417205,0.14523088625042851
0.11154680160819025,0.16171862781180485
0.11932964395075221,0.17870571229097418
0.1269080287308152,0.1951922225207806
0.13450477742340053,0.21167742443245938
0.1423461491566762,0.22866110329106504
0.056754631724459756,0.03540936032153797
0.06287820746766597,0.05189572597578668
0.06933364050511871,0.06839285481218743
0.07623960573035547,0.08540242750051898
0.08313072296091212,0.10194287021873255
0.09015113978573952,0.11892717755905335
0.09748853775645475,0.13604840879389246
0.10469341216648516,0.15256730642127836
0.11196545701147423,0.16908669420020905
0.1195135512828651,0.18610608171448267
0.1268827024998651,0.202623787195869
0.13428568336484512,0.2191409519834177
0.14194119113927947,0.23615891846314768
0.05479060057620678,0.0356550461057753
0.05983847170882343,0.0521675351279115
0.06541119248948891,0.06866240159781511
0.07155910485782098,0.08541872768225578
0.07784316186132266,0.10179870042010798
0.08436511363031553,0.11824448173282742
0.09127471514855579,0.13521424167357365
0.09811158172131632,0.15188566524470748
0.10503495434242648,0.1688805513399182
0.1122970406599875,0.18593350000375986
0.11907234059081202,0.20114855434438395
0.1252149950306007,0.21543276516828236
0.13086736534368473,0.23152074899271657
0.13570228578608112,0.25038830624921027
0.13991239865145916,0.27395056762357656
0.14361900050701368,0.3042528184919352
0.14662292203903735,0.3401626328886098
0.1491419889320308,0.3806068500019596
0.1515515289564747,0.4207437163244553
0.048566165893001896,0.05849494680812606
0.04911703846129809,0.09554629878271671
0.049675812828767124,0.1307054248659479
0.05025174921534477,0.1649368366138072
0.05080401982179187,0.1962150710772702
0.05134361434490759,0.22556589461359308
0.05188075611510163,0.25378118874254973
0.05010648831552,0.04775715601231067
0.05023257636725136,0.07316971780563408
0.050365501108218545,0.09663261850050131
0.05050519705236591,0.11876187638011171
0.05063958142059129,0.13825136048766518
0.050769376957707564,0.15577803225495782
0.050895163157428244,0.17177983134535843
0.051006882176361165,0.18531308691505965
0.05110614143591314,0.19687637296486038
0.05119340794494063,0.2067280674375902
0.05126198997546649,0.21428749702874184
0.051313496377811824,0.21987346171808553
0.051347788522066375,0.22356394100758603
0.051362347649386214,0.22514151530708992
0.051363001752985145,0.22524089447570095
0.05136268038354608,0.2252521490888051
0.0513626276423587,0.2252816227627139
0.051362545900637026,0.22530886320070986
0.05136244936955729,0.22533610877673538
0.050123585370219936,0.02165064289618024
0.05012370311221017,0.02167719450893668
